{"Train Loss": 0.017550038872286677, "Val Loss": 0.02025074056217362, "Cumulative Time(m)": 19.448367289702098, "Fold": 0, "_timestamp": 1723438689.4715645, "_runtime": 1190.3554966449738, "_step": 6}