{"epoch": 5, "batch": 700, "loss": 0.8723656398057937, "_timestamp": 1722854262.2161689, "_runtime": 28.70755887031555, "_step": 35, "accuracy": 65.94}