{"loss": 0.8641219228506088, "_timestamp": 1722848822.1913388, "_runtime": 43.28509783744812, "_step": 34, "_wandb": {"runtime": 43}}